Title,Price,Area,Location,type
Cho thuê Văn phòng tầng 1 tòa nhà - DT 220m2 - Giá tốt nhất cùng phân khúc. LH: Mr. Quyết,240 nghìn/m²,220 m²,"Ngô Quyền, Hải Phòng",cho-thue-van-phong
Văn phòng cho thuê mặt tiền 40m: Diện tích 175 - 500m2 tuyến 1 ICC Lạch Tray,"255,2 nghìn/m²",175 m²,"Lê Chân, Hải Phòng",cho-thue-van-phong
"Cho thuê làm văn phòng tại Kim Tâm Hải quận 12, đường Trường Chinh, giá rẻ nhất",189 nghìn/m²,240 m²,"Quận 12, Hồ Chí Minh",cho-thue-van-phong
"Cho thuê văn phòng cao cấp ở Nam Kỳ Khởi Nghĩa Quận 3,65m2","17,2 triệu/tháng",65 m²,"Quận 3, Hồ Chí Minh",cho-thue-van-phong
"Văn phòng Thiên Nam đường Ngô Gia Tự cho thuê quận 10, không tính phí ngoài giờ",348 nghìn/m²,225 m²,"Quận 10, Hồ Chí Minh",cho-thue-van-phong
"Cho thuê văn phòng toà nhà Kuchen Building mặt đường 72, gần Toyota Sông Lam",120 nghìn/m²,50 m²,"Vinh, Nghệ An",cho-thue-van-phong
Danh sách các toà nhà văn phòng nguyên căn cho thuê - diện tích từ 1.200 m2 - miễn phí tư vấn,Giá thỏa thuận,2.000 m²,"Hải Châu, Đà Nẵng",cho-thue-van-phong
"Cho thuê văn phòng cao cấp ở Điện Biên Phủ Quận 1, 74m2",27 triệu/tháng,74 m²,"Quận 1, Hồ Chí Minh",cho-thue-van-phong
"Cho thuê mặt bằng tầng trệt 206 - 212 Lý Tự Trọng, P. Bến Thành, Q1 - DT 16,5mx21m - Giá thoả thuận","1,13 triệu/m²",256 m²,"Quận 1, Hồ Chí Minh",cho-thue-van-phong
"Cao ốc Scetpa cho thuê đường Cộng Hòa, phường 12 Tân Bình",330 nghìn/m²,400 m²,"Tân Bình, Hồ Chí Minh",cho-thue-van-phong
Sẵn văn phòng cho thuê tại tòa nhà dầu khí - Quang Trung - TP Vinh,10 triệu/tháng,100 m²,"Vinh, Nghệ An",cho-thue-van-phong
Văn phòng 35m2 - chỉ 7tr - full nội thất,7 triệu/tháng,35 m²,"Cẩm Lệ, Đà Nẵng",cho-thue-van-phong
"Văn phòng Etown Central, đường Đoàn Văn Bơ cho thuê, ngay giáp quận 1",722 nghìn/m²,603 m²,"Quận 4, Hồ Chí Minh",cho-thue-van-phong
Văn phòng 35m2 - giá rẻ nhất thị trường 7tr/th - full nội thất,7 triệu/tháng,35 m²,"Cẩm Lệ, Đà Nẵng",cho-thue-van-phong
"Cho thuê văn phòng cao cấp ở Nguyễn Thái Bình Quận 1, DT 88m2",12 triệu/tháng,88 m²,"Quận 1, Hồ Chí Minh",cho-thue-van-phong
"Cho thuê mặt bằng làm văn phòng, đường lớn nhất quận Long Biên",Giá thỏa thuận,130 m²,"Long Biên, Hà Nội",cho-thue-van-phong
"Cho thuê văn phòng trọn gói, văn phòng ảo, đặt địa chỉ đăng ký kinh doanh tại quận Đống Đa, Hà Nội",Giá thỏa thuận,1.000 m²,"Đống Đa, Hà Nội",cho-thue-van-phong
"Cho thuê văn phòng 120m2 tại Thanh Xuân - tòa Gold Tower Hoàng Huy cực đẹp, vị trí đắc địa",30 triệu/tháng,120 m²,"Thanh Xuân, Hà Nội",cho-thue-van-phong
Văn phòng đẹp đường Xô Viết Nghệ Tĩnh cho thuê giá rẻ,"16,5 triệu/tháng",81 m²,"Hải Châu, Đà Nẵng",cho-thue-van-phong
"Cho thuê mặt bằng văn phòng, kinh doanh mặt tiền đường QL13 ngang 5m dài 15m",15 triệu/tháng,75 m²,"Thủ Đức, Hồ Chí Minh",cho-thue-van-phong
"VP hạng A đặc sắc ngay trung tâm ĐN, đa diện tích, view sông Hàn, bàn giao sàn thô - Mizuland",345 nghìn/m²,110 m²,"Hải Châu, Đà Nẵng",cho-thue-van-phong
Cần cho thuê mặt bằng 400m2 tại đường Hai Bà Trưng đã setup PCCC,220 nghìn/m²,400 m²,"Lê Chân, Hải Phòng",cho-thue-van-phong
"An Phú - 50m2 11tr, 3 phòng, 6 - 12 nhân sự. Văn phòng trọn gói The Sun Avenue",11 triệu/tháng,50 m²,"Quận 2, Hồ Chí Minh",cho-thue-van-phong
"Cho thuê văn phòng trọn gói tối ưu chi phí, diện tích từ 12 - 40m2, chỉ từ 5 triệu/tháng",Giá thỏa thuận,30 m²,"Tây Hồ, Hà Nội",cho-thue-van-phong
"Cho thuê văn phòng, DT 25 và 50m2, có khuôn viên rộng rãi thoải mái để xe","6,5 triệu/tháng",50 m²,"Hoàng Mai, Hà Nội",cho-thue-van-phong
"Cho thuê văn phòng Smart Office The Prince Residence diện tích 15,5m2",9 triệu/tháng,"15,5 m²","Phú Nhuận, Hồ Chí Minh",cho-thue-van-phong
"Cho thuê văn phòng mới 100% đường Kỳ Đồng - Quận 3, 200m2, 89 triệu, view kính sáng, sang trọng",89 triệu/tháng,200 m²,"Quận 3, Hồ Chí Minh",cho-thue-van-phong
"Cho thuê sàn văn phòng đẹp, giá tốt mặt tiền Nguyễn Văn Trỗi, Phú Nhuận, 180m2, 59 triệu",59 triệu/tháng,180 m²,"Phú Nhuận, Hồ Chí Minh",cho-thue-van-phong
"Cho thuê sàn văn phòng xịn, đẹp mặt tiền Ung Văn Khiêm, Quận Bình Thạnh, 210m2, giá 60 triệu",60 triệu/tháng,210 m²,"Bình Thạnh, Hồ Chí Minh",cho-thue-van-phong
"Cho thuê văn phòng xịn khu Hà Đô Centrosa Q10 320m2 - 165triệu, 607m2-329triệu, 560m2 trệt - 460tr",165 triệu/tháng,320 m²,"Quận 10, Hồ Chí Minh",cho-thue-van-phong
"Sàn VP cho thuê khu sân bay, MT Bạch Đằng, 150m2, 43 triệu, Tân Bình, view kính sáng sang trọng",43 triệu/tháng,150 m²,"Tân Bình, Hồ Chí Minh",cho-thue-van-phong
"Sàn văn phòng giá tốt duy nhất còn sót lại, mặt tiền Bàu Cát, Tân Bình, 500m2, giá 89 triệu/th",89 triệu/tháng,500 m²,"Tân Bình, Hồ Chí Minh",cho-thue-van-phong
Cho thuê văn phòng tòa FLC Twin Tower (Bamboo Airways Tower) 265 Cầu Giấy 90 - 929m2 giá 256.500đ,"256,5 nghìn/m²",450 m²,"Cầu Giấy, Hà Nội",cho-thue-van-phong
"Cho thuê 350m2 sàn tầng 1 kinh doanh khu vực Linh Đàm, miễn phí 2 tháng thi công","278,88 nghìn/m²",350 m²,"Hoàng Mai, Hà Nội",cho-thue-van-phong
"Cho thuê văn phòng phố Thợ Nhuộm 70m2, Mt 10m, sàn đẹp, lô góc thông thoáng, thang máy. 15tr/th",15 triệu/tháng,70 m²,"Hoàn Kiếm, Hà Nội",cho-thue-van-phong
"Cho thuê mặt bằng tầng 3- 170-250-500m2 tòa nhà 90 Nguyễn Tuân, Thanh Xuân, Hà Nội 0972 661 ***",200 nghìn/m²,170 m²,"Thanh Xuân, Hà Nội",cho-thue-van-phong
"Cho thuê VP tại toà nhà Stellar Garden-Lê Văn Thiêm, Thanh Xuân Trung, Thanh Xuân. DT: 100-1000m2",220 nghìn/m²,180 m²,"Thanh Xuân, Hà Nội",cho-thue-van-phong
Thuê văn phòng tại Duy Tân - Cầu Giấy,13 triệu/tháng,14 m²,"Cầu Giấy, Hà Nội",cho-thue-van-phong
"Cho thuê văn phòng nhỏ trọn gói tại Phố Duy Tân, Cầu Giấy","13,2 triệu/tháng","14,5 m²","Cầu Giấy, Hà Nội",cho-thue-van-phong
"Cho thuê mặt tiền văn phòng khu, k300. Sân bay tuyệt đẹp, mới xây",35 triệu/tháng,250 m²,"Tân Bình, Hồ Chí Minh",cho-thue-van-phong
Cho thuê phòng làm việc tại Duy Tân - Cầu Giấy,13 triệu/tháng,14 m²,"Cầu Giấy, Hà Nội",cho-thue-van-phong
"Cho thuê văn phòng tại toà nhà IDMC Building 105 Láng Hạ DT linh hoạt 87m2, 115m2, 220m, 300m, 500m",258 nghìn/m²,100 m²,"Đống Đa, Hà Nội",cho-thue-van-phong
"Cho thuê 5 căn toà văn phòng 8*20m 7 tầng. New 600 - 1000m2 100triệu/tháng, liên hệ: 0938 036 ***",100 triệu/tháng,850 m²,"Tân Bình, Hồ Chí Minh",cho-thue-van-phong
"Cho thuê văn phòng tại Sky City Láng Hạ - diện tích: 100, 150, 200, 300m2 giá chỉ từ 200k/m2/th",200 nghìn/m²,300 m²,"Đống Đa, Hà Nội",cho-thue-van-phong
Cho thuê văn phòng Quận 1 - Lầu trệt đường Điện Biên Phủ,10 triệu/tháng,12 m²,"Quận 1, Hồ Chí Minh",cho-thue-van-phong
"Bạn đang tìm văn phòng có sức chứa 20 - 50 người với chi phí thấp hãy gọi cho tôi, VP đường 2/9",10 triệu/tháng,125 m²,"Hải Châu, Đà Nẵng",cho-thue-van-phong
"Chính chủ cho thuê mặt bằng tại 987 Tam Trinh, quận Hoàng Mai, 6.800 m2 có cắt nhỏ. Mặt tiền rộng",Giá thỏa thuận,1.000 m²,"Hoàng Mai, Hà Nội",cho-thue-van-phong
BQL cho thuê văn phòng đẹp giá rẻ tại CT4 Vimeco - Nguyễn Chánh DT: 100m 200m 300m 400m 500m 1000m2,170 nghìn/m²,204 m²,"Cầu Giấy, Hà Nội",cho-thue-van-phong
"Văn phòng trọn gói, full nội thất Quận 1 chỉ từ 12 triệu",12 triệu/tháng,20 m²,"Quận 1, Hồ Chí Minh",cho-thue-van-phong
"Cho thuê văn phòng đại diện, hỗ trợ đăng ký kinh doanh, đặt bản tên Quận 1",590 nghìn/tháng,5 m²,"Quận 1, Hồ Chí Minh",cho-thue-van-phong
Cho thuê văn phòng Vin - Gardenia Hàm Nghi Mỹ Đình 2 diện tích linh hoạt từ 70m2 đến 120m2 siêu đẹp,12 triệu/tháng,100 m²,"Nam Từ Liêm, Hà Nội",cho-thue-van-phong
"An Phú -Vp diện tích lớn cho 40-50 nhân sự ntvp, làm việc 24h, ĐKKD, hầm xe máy lạnh-The Sun Avenue",38 triệu/tháng,115 m²,"Quận 2, Hồ Chí Minh",cho-thue-van-phong
"Cho thuê VP tại phố Dương Đình Nghệ, Q. Cầu Giấy 30~1000 (m2) giá thuê 180.000đ/m2/th",180 nghìn/m²,30 m²,"Cầu Giấy, Hà Nội",cho-thue-van-phong
"Cho thuê VP phố Hai Bà Trưng, Hoàn Kiếm, Hà Nội diện tích từ 30m2 đến 1000m2 giá 200 nghìn/m2/tháng",200 nghìn/m²,180 m²,"Hoàn Kiếm, Hà Nội",cho-thue-van-phong
"Cho thuê văn tại Hải Ngân building mặt đường Thanh Liệt 50, 70, 100, 150, 300, 600m2 giá 150k/1m2",150 nghìn/m²,50 m²,"Thanh Trì, Hà Nội",cho-thue-van-phong
"Cho thuê văn phòng quận Ba Đình, phố Nguyễn Chí Thanh 40, 50, 70, 100, 300, 700m2, 180 ngh/m2/th",180 nghìn/m²,100 m²,"Ba Đình, Hà Nội",cho-thue-van-phong
"Cho thuê văn phòng tại toà nhà Lideco - Vinaconex 7 Hoàng Mai, Hà Nội",Giá thỏa thuận,100 m²,"Hoàng Mai, Hà Nội",cho-thue-van-phong
"Cho thuê văn phòng mặt phố Dương Đình Nghệ, tòa nhà Star Tower",200 nghìn/m²,50 m²,"Cầu Giấy, Hà Nội",cho-thue-van-phong
"Cho thuê văn phòng tại toà nhà Ngọc Khánh Plaza 50m2, 70m2, 100m2, 150m2, 300m2 giá 180.000/1m2",180 nghìn/m²,50 m²,"Ba Đình, Hà Nội",cho-thue-van-phong
"Cho thuê văn phòng mặt phố Lê Thanh Nghị diện tích 50m2, 70m2, 180m2, 1000m2 giá 180 nghìn/m2/th",180 nghìn/m²,,"Hai Bà Trưng, Hà Nội",cho-thue-van-phong
"Cho thuê văn phòng đường Trần Kim Xuyến, Cầu Giấy, Hà Nội 70m2, 150m2, 1000m2 giá 240 ngh/m2/th",240 nghìn/m²,47 m²,"Cầu Giấy, Hà Nội",cho-thue-van-phong
"Cho thuê văn phòng tại tòa nhà Nam Đô Complex, Trương Định, DT từ 76 - 1000m2, full tiện ích",160 nghìn/m²,200 m²,"Hoàng Mai, Hà Nội",cho-thue-van-phong
"Cho thuê văn phòng phố Trần Hưng Đạo, Hoàn Kiếm, Hà Nội diện tích 50~800m2 giá 200 nghìn/1m2",200 nghìn/m²,800 m²,"Hoàn Kiếm, Hà Nội",cho-thue-van-phong
Cho thuê văn phòng tại toà nhà ICON 4 diện tích từ 50m2 đến 1000m2 giá 200ngh/1m2/th,200 nghìn/m²,50 m²,"Đống Đa, Hà Nội",cho-thue-van-phong
"Cho thuê văn phòng tại toà nhà Veam Lạc Long Quân, Tây Hồ, Hà Nội từ 50-1000m2 giá 200k/1m2",200 nghìn/m²,1.500 m²,"Tây Hồ, Hà Nội",cho-thue-van-phong
"Cho thuê văn phòng tại toà nhà AC Builing Duy Tân, Cầu Giấy, Hà Nội 200 nghìn/m2/th",200 nghìn/m²,2.000 m²,"Cầu Giấy, Hà Nội",cho-thue-van-phong
"Cho thuê văn phòng tại toà nhà Century Phố Minh Khai, Hai Bà Trưng, Hà Nội",Giá thỏa thuận,73 m²,"Hai Bà Trưng, Hà Nội",cho-thue-van-phong
Cho thuê sàn mặt tiền đường Cao Thắng 10x40m. 2 hầm 10 lầu,92 triệu/tháng,65 m²,"Quận 3, Hồ Chí Minh",cho-thue-van-phong
"Còn duy nhất 2 văn phòng cho thuê DT 73m2 mặt tiền đường Số 3, P. Bình An, Q2, giá tốt bất ngờ",22 triệu/tháng,140 m²,"Quận 2, Hồ Chí Minh",cho-thue-van-phong
"Cần cho thuê văn phòng chỉ 11tr/tháng số 3 đường Nguyễn Thế Truyện, phường Tân Sơn Nhì, Q. Tân Phú",11 triệu/tháng,140 m²,"Tân Phú, Hồ Chí Minh",cho-thue-van-phong
"Cho thuê văn phòng Vạn Phúc City, 7x20m Full nội thất, có thang máy giá 19 triệu/tháng",19 triệu/tháng,220 m²,"Thủ Đức, Hồ Chí Minh",cho-thue-van-phong
"Mặt bằng tầng trệt Vạn Phúc City, 7x20m có hầm để xe miễn phí giá 15 triệu/tháng",15 triệu/tháng,120 m²,"Thủ Đức, Hồ Chí Minh",cho-thue-van-phong
Cho thuê 2 sàn tầng trệt và tầng 1 220m2 Vạn Phúc City giá 25 triệu/tháng,25 triệu/tháng,154 m²,"Thủ Đức, Hồ Chí Minh",cho-thue-van-phong
"Văn phòng tầng trệt 5x24m sẵn vách kính, máy lạnh giá 11 triệu TL",11 triệu/tháng,50 m²,"Thủ Đức, Hồ Chí Minh",cho-thue-van-phong
Trệt lửng Phố đi bộ 7x22m có sẵn vách kính giá 20 triệu/tháng,20 triệu/tháng,45 m²,"Thủ Đức, Hồ Chí Minh",cho-thue-van-phong
"Cho thuê văn phòng Vinexad Đinh Lễ, Hoàn Kiếm diện tích 30m2, 50m2, 150m2, 400m2 giá 220nghìn/1m2",220 nghìn/m²,200 m²,"Hoàn Kiếm, Hà Nội",cho-thue-van-phong
"Cho thuê văn phòng Phố Trần Hưng Đạo, Hoàn Kiếm diện tích 70m2, 100m2, 1000m2 giá 200 nghìn/1m2",200 nghìn/m²,50 m²,"Hoàn Kiếm, Hà Nội",cho-thue-van-phong
"Cho thuê văn phòng Century Tower - Times City, Minh Khai, Hai Bà Trưng diện tích từ 100m2 - 1000m2",300 nghìn/m²,,"Hai Bà Trưng, Hà Nội",cho-thue-van-phong
"Cho thuê văn phòng Nam Đô Complex, Trương Định, Hoàng Mai, Hà Nội diện tích 30m2 - 1000m2",160 nghìn/m²,,"Hoàng Mai, Hà Nội",cho-thue-van-phong
"Cho thuê văn phòng Việt Đức Complex, Nguyễn Tuân, Thanh Xuân DT 50m2~1000m2 giá 180nghìn/1m2/1tháng",180 nghìn/m²,,"Thanh Xuân, Hà Nội",cho-thue-van-phong
"Cho thuê văn phòng X2 Đại Kim, Hoàng Mai, Hà Nội diện tích 50m2~1000m2",Giá thỏa thuận,50 m²,"Hoàng Mai, Hà Nội",cho-thue-van-phong
"Cho thuê văn phòng phố Láng Hạ, Đống Đa, Hà Nội diện tích 50~1000m2",180 nghìn/m²,50 m²,"Đống Đa, Hà Nội",cho-thue-van-phong
Cho thuê văn phòng toà nhà Stellar Garden Lê Văn Thiêm Thanh Xuân diện tích từ 50m2~1500m2,Giá thỏa thuận,200 m²,"Thanh Xuân, Hà Nội",cho-thue-van-phong
"Cho thuê văn phòng phố Lạc Long Quân, Tây Hồ, Hà Nội, diện tích 50~800m2, giá thuê 150 nghìn/1m2/th",150 nghìn/m²,50 m²,"Tây Hồ, Hà Nội",cho-thue-van-phong
"Cho thuê văn phòng phố Lê Văn Lương, Thanh Xuân, Hà Nội diện tích từ 50~1000m2 giá 200 nghìn/1m2",200 nghìn/m²,50 m²,"Thanh Xuân, Hà Nội",cho-thue-van-phong
"BQL cho thuê văn phòng toà nhà phố Nguyễn Công Hoan, Ba Đình, Hà Nội diện tích từ 50~800m2",180 nghìn/m²,45 m²,"Ba Đình, Hà Nội",cho-thue-van-phong
"Cho thuê văn phòng phố Đinh Lễ, Hoàn Kiếm, Hà Nội diện tích từ 50m2~600m2 giá thuê 230 nghìn/1m2",230 nghìn/m²,77 m²,"Hoàn Kiếm, Hà Nội",cho-thue-van-phong
"Cho thuê văn phòng tại toà nhà ICon 4, Đống Đa, Hà Nội từ 50 - 1000m2 giá 220 nghìn/1m2/1 tháng",220 nghìn/m²,120 m²,"Đống Đa, Hà Nội",cho-thue-van-phong
"Cho thuê văn phòng phố Nguyễn Công Hoan, Ba Đình, Hà Nội diện tích từ 50~800m2",200 nghìn/m²,50 m²,"Ba Đình, Hà Nội",cho-thue-van-phong
"Cho thuê văn phòng phố Đội Cấn, Ba Đình, Hà Nội diện tích từ 50~600m2 giá 200 nghìn/1m2",200 nghìn/m²,250 m²,"Ba Đình, Hà Nội",cho-thue-van-phong
Cho thuê văn phòng hoàn thiện 250m2 0938 372 *** BDS Quang,40 triệu/tháng,60 m²,"Quận 9, Hồ Chí Minh",cho-thue-van-phong
"Siêu thoáng văn phòng góc 2 mặt tiền đường 12m Bình Lợi, 5x12m, chỉ 12 tr/th",12 triệu/tháng,125 m²,"Bình Thạnh, Hồ Chí Minh",cho-thue-van-phong
"Văn phòng mặt tiền 2/9, 125m2 gồm 4 phòng giá thuê chỉ 10 triệu",10 triệu/tháng,40 m²,"Hải Châu, Đà Nẵng",cho-thue-van-phong
Cho thuê văn phòng toà nhà 2G 16A Lê Hoàn đa dạng diện tích từ 20m2 - 200m2,"2,8 triệu/tháng",56 m²,"Vinh, Nghệ An",cho-thue-van-phong
"Cho thuê văn phòng 36m2, 56m2, 82m2, 150m2 toà nhà An Phát Complex, đường 72, TP Vinh",140 nghìn/m²,100 m²,"Vinh, Nghệ An",cho-thue-van-phong
"Cho thuê tầng 1,2,3,4 trung tâm thương mại mới toanh tại dự án The Zei Plaza, Lê Đức Thọ, Mỹ Đình",60 triệu/tháng,50 m²,"Nam Từ Liêm, Hà Nội",cho-thue-van-phong
"An Phú - 50m2 11tr, 3 phòng, 6 - 12 nhân sự. Văn phòng giá rẻ The Sun Avenue tin mới ngày 12.12.23",11 triệu/tháng,50 m²,"Quận 2, Hồ Chí Minh",cho-thue-van-phong
"Cho thuê sàn VP DT 50m2 giá 11tr/th số 172 Nguyễn Tuân, Thanh Xuân",11 triệu/tháng,70 m²,"Thanh Xuân, Hà Nội",cho-thue-van-phong
"Cho thuê sàn văn phòng đẹp nhất mặt phố Trung Kính đôi dt 70m2 giá 14,5tr","14,5 triệu/tháng",70 m²,"Cầu Giấy, Hà Nội",cho-thue-van-phong
Chính chủ cho thuê sàn VP số 41 Khuất Duy Tiến DT từ 70 đến 100m2 giá từ 15 đến 30 triệu,15 triệu/tháng,,"Thanh Xuân, Hà Nội",cho-thue-van-phong
"Cho thuê văn phòng phố Dịch Vọng Hậu 50, 60, 80, 90m2 giá 15tr/th",15 triệu/tháng,90 m²,"Cầu Giấy, Hà Nội",cho-thue-van-phong
Cho thuê rẻ như cho và tặng. Chỉ 800k/th/1 người khi thuê chỗ ngồi cho team 3-5 người (cả net+nước),800 nghìn/tháng,40 m²,"Tân Phú, Hồ Chí Minh",cho-thue-van-phong
Cho thuê văn phòng tại tòa nhà Central Field Trung Kính Cầu Giấy. DT: 152m2 - 198m2 - 307m2 - 558m2,300 nghìn/m²,300 m²,"Cầu Giấy, Hà Nội",cho-thue-van-phong
Văn phòng Vimeco Cầu Giấy - Hà Nội,"2,5 triệu/tháng",40 m²,"Cầu Giấy, Hà Nội",cho-thue-van-phong
Cho thuê cả sàn văn phòng 420m2 tại toà nhà 195 mặt phố Đội Cấn,42 triệu/tháng,420 m²,"Ba Đình, Hà Nội",cho-thue-van-phong
Chính chủ cho thuê sàn VP ở 30 Cao Bá Nhạ P. Nguyễn Cư Trinh Q.1 LH 0901 600 *** Phi Nguyễn,30 triệu/tháng,88 m²,"Quận 1, Hồ Chí Minh",cho-thue-van-phong
Mình còn 1 sàn cho thuê cỡ nhỏ cho cty ít thành viên ở số 80 Nguyễn Hoàng- giá chỉ 5tr/tháng- 30m2,5 triệu/tháng,30 m²,"Cầu Giấy, Hà Nội",cho-thue-van-phong
Cho thuê văn phòng Hầm 3 sàn trống hơn 300m2 giá giảm 37 triệu - đường 32,37 triệu/tháng,350 m²,"Quận 2, Hồ Chí Minh",cho-thue-van-phong
Cho thuê văn phòng mặt tiền Nguyễn Quý Đức 500m2 giảm còn 35 triệu,35 triệu/tháng,500 m²,"Quận 2, Hồ Chí Minh",cho-thue-van-phong
Cho thuê tòa văn phòng có thang máy 500m2 trống suốt đường 7 giá: 80 triệu/th,80 triệu/tháng,500 m²,"Quận 2, Hồ Chí Minh",cho-thue-van-phong
Cho thuê hầm trệt 3 lầu làm văn phòng nhà mới sơn sửa - gần Song Hành giá chỉ 35 triệu,35 triệu/tháng,500 m²,"Quận 2, Hồ Chí Minh",cho-thue-van-phong
"Văn phòng cho thuê giá tốt 5x20m có thang máy, hầm rộng, vỉa hè rộng 5 tầng trống suốt",75 triệu/tháng,100 m²,"Quận 2, Hồ Chí Minh",cho-thue-van-phong
Cho thuê tòa văn phòng căn góc DT: 1408m2 giá 160 triệu - 5 Lầu,160 triệu/tháng,1.408 m²,"Quận 2, Hồ Chí Minh",cho-thue-van-phong
"Cho thuê nguyên tòa trệt, 1 lầu 480m2 làm văn phòng gần Song Hành - thiết kế hiện đại","84,59 triệu/tháng",480 m²,"Quận 2, Hồ Chí Minh",cho-thue-van-phong
"Cho thuê tòa văn phòng mini sân vườn đẹp, thiết kế hiện đại bằng kính DT: 12x20m giá 90 triệu",90 triệu/tháng,48 m²,"Quận 2, Hồ Chí Minh",cho-thue-van-phong
Cho thuê văn phòng style hiện đại DT: 12x20m giá - 90 triệu/th sân vườn rộng,90 triệu/tháng,240 m²,"Quận 2, Hồ Chí Minh",cho-thue-van-phong
Cho thuê nguyên căn góc 2 mặt tiền làm văn phòng gần 1000m2 chỉ 97 triệu,97 triệu/tháng,960 m²,"Quận 2, Hồ Chí Minh",cho-thue-van-phong
"Chính chủ cho thuê nguyên căn 5 tầng - thang máy, sàn trống suốt, vách ngăn kính 500m2 - 77 triệu",77 triệu/tháng,500 m²,"Quận 2, Hồ Chí Minh",cho-thue-van-phong
"Cho thuê nguyên căn sân bao rộng, để xe thoải mái, 480m2 giá 84,592 triệu/tháng, LH 0902 971 ***","84,59 triệu/tháng",240 m²,"Quận 2, Hồ Chí Minh",cho-thue-van-phong
Cho thuê mặt bằng văn phòng 270m2 ngay trung tâm phường An Phú gần cầu Sài Gòn giá bao rẻ nhất luôn,60 triệu/tháng,270 m²,"Quận 2, Hồ Chí Minh",cho-thue-van-phong
"Cho thuê nguyên căn nhà 480m2 góc 2 mặt tiền có hầm làm văn phòng công ty tại đường Trần Lựu, P. AP",50 triệu/tháng,480 m²,"Quận 2, Hồ Chí Minh",cho-thue-van-phong
Cho thuê văn phòng y hình KDC Cityland Park Hills P10 Gò Vấp - căn góc Cityland,9 triệu/tháng,50 m²,"Gò Vấp, Hồ Chí Minh",cho-thue-van-phong
Cho thuê văn phòng 391 Hoàng Quốc Việt giá chỉ 5.5tr/tháng,"5,5 triệu/tháng",25 m²,"Cầu Giấy, Hà Nội",cho-thue-van-phong
"Cho thuê văn phòng tầng 1 căn góc tại Văn Quán, Hà Đông, Hà Nội","5,3 triệu/tháng",30 m²,"Hà Đông, Hà Nội",cho-thue-van-phong
"Văn phòng, Officetel The Sun Avenue diện tích 30405 060 ***m2 cần cho thuê",Giá thỏa thuận,30 m²,"Quận 2, Hồ Chí Minh",cho-thue-van-phong
Cần cho thuê văn phòng tại Cityland P10 Gò Vấp TPHCM,8 triệu/tháng,45 m²,"Gò Vấp, Hồ Chí Minh",cho-thue-van-phong
"Giải pháp văn phòng, trọn gói chỉ từ 100.000đ/m2, đa dạng (50 - 600m2)",5 triệu/tháng,49 m²,"Quận 9, Hồ Chí Minh",cho-thue-van-phong
Cho thuê văn phòng hạng tại tòa nhà Viwaseen 48 Tố Hữu Nam Từ Liêm Hà Nội,36 triệu/tháng,112 m²,"Nam Từ Liêm, Hà Nội",cho-thue-van-phong
"Chính chủ cho thuê văn phòng 81,8m2, tầng 8 tòa nhà Hồ Gươm Plaza 102 Trần Phú, Hà Đông",18 triệu/tháng,"81,8 m²","Hà Đông, Hà Nội",cho-thue-van-phong
"Tầng trệt Vạn Phúc City, 7x20m có hầm để xe miễn phí giá 15triệu/tháng",15 triệu/tháng,140 m²,"Thủ Đức, Hồ Chí Minh",cho-thue-van-phong
Tầng trệt căn góc 2 mặt tiền Nguyễn Thị Nhung 270m2 giá 60 triệu,60 triệu/tháng,270 m²,"Thủ Đức, Hồ Chí Minh",cho-thue-van-phong
"Cho thuê 3 tầng Shophouse 7x21m làm văn phòng, giá chỉ 33 triệu TL",33 triệu/tháng,112 m²,"Thủ Đức, Hồ Chí Minh",cho-thue-van-phong
"Cho thuê văn phòng 105m2 sẵn máy lạnh, có thang máy giá 9 triệu",9 triệu/tháng,105 m²,"Thủ Đức, Hồ Chí Minh",cho-thue-van-phong
"Cho thuê văn phòng tầng trệt + Tầng 2 căn góc 10x17m, đường lớn 20m, hầm để xe free giá 32 triệu",32 triệu/tháng,170 m²,"Thủ Đức, Hồ Chí Minh",cho-thue-van-phong
Cho thuê văn phòng 13tr/ diện tích 65m2 Full NT Lakeview Thủ Thiêm,13 triệu/tháng,65 m²,"Quận 2, Hồ Chí Minh",cho-thue-van-phong
"Mặt bằng văn phòng kinh doanh DT 105m2, phố Lâm Hạ khu vực sầm uất giá chỉ 29tr/th",29 triệu/tháng,105 m²,"Long Biên, Hà Nội",cho-thue-van-phong
Cho thuê 3 sàn để làm văn phòng 270m2 giá 35 triệu - đường D5,35 triệu/tháng,270 m²,"Quận 2, Hồ Chí Minh",cho-thue-van-phong
Cho thuê sàn văn phòng trong tòa văn phòng 160m2 giá 45tr - đường 2 An Phú,45 triệu/tháng,160 m²,"Quận 2, Hồ Chí Minh",cho-thue-van-phong
Cho thuê văn phòng DT: 420m2 sử dụng giá 57 triệu gần mặt tiền đường chính,57 triệu/tháng,420 m²,"Quận 2, Hồ Chí Minh",cho-thue-van-phong
"Cho thuê mặt bằng văn phòng 3 sàn trống, đủ máy lạnh 140m2/sàn - giá 45 triệu",45 triệu/tháng,140 m²,"Quận 2, Hồ Chí Minh",cho-thue-van-phong
Cho thuê nguyên căn 3 tầng chuyên làm văn phòng giá 57 triệu - Nguyễn Hoàng,57 triệu/tháng,240 m²,"Quận 2, Hồ Chí Minh",cho-thue-van-phong
"Cho thuê nhà Từ Sơn, Bắc Ninh làm văn phòng cao cấp khép kín, rộng rãi, đủ đồ chỉ 2tr/tháng",2 triệu/tháng,50 m²,"Tiên Du, Bắc Ninh",cho-thue-van-phong
Mặt bằng kinh doanh có gác lửng ở lại đường Phổ Quang - Tân Bình,8 triệu/tháng,35 m²,"Tân Bình, Hồ Chí Minh",cho-thue-van-phong
"Cho thuê nhà mặt làm Vp tiền đường N1, Khu D2d Võ thị sáu, nhà 2 lầu vào kinh doanh ngay",20 triệu/tháng,90 m²,"Biên Hòa, Đồng Nai",cho-thue-van-phong
"Cho thuê sàn văn phòng, 160m2, mặt tiền 8m, vỉa hè 10m",20 triệu/tháng,160 m²,"Thanh Trì, Hà Nội",cho-thue-van-phong
"Sala Sari Town làm VP hoàn thiện cao cấp, máy lạnh trâm trần giá chỉ 85 triệu",85 triệu/tháng,400 m²,"Quận 2, Hồ Chí Minh",cho-thue-van-phong
Shophouse Sala chỉ 85 triệu nguyên căn hoàn thiện cao cấp,85 triệu/tháng,450 m²,"Quận 2, Hồ Chí Minh",cho-thue-van-phong
"Sàn văn phòng 120m2 chỉ 34 triệu, 160m2 chỉ 77 triệu, 340m2 chỉ 162 triệu/th",34 triệu/tháng,120 m²,"Quận 2, Hồ Chí Minh",cho-thue-van-phong
Cho thuê sàn 340m2 tòa nhà mặt tiền đường Trần Não,150 triệu/tháng,340 m²,"Quận 2, Hồ Chí Minh",cho-thue-van-phong
"CC cho thuê VP mặt phố Trung Yên 11, dt 35m2 vuông vắn cực đẹp, tòa chuyên cho thuê VP giá chỉ 5tr",5 triệu/tháng,35 m²,"Cầu Giấy, Hà Nội",cho-thue-van-phong
"Cho thuê văn phòng Quận 4, khu Saigon Royal: 43m2 (13tr), 57m2(21tr), 75m2 (25tr), Lh 0941 190 ***",13 triệu/tháng,43 m²,"Quận 4, Hồ Chí Minh",cho-thue-van-phong
Cho thuê sàn văn phòng tại Hà Đông diện tích 70m2,11 triệu/tháng,70 m²,"Hà Đông, Hà Nội",cho-thue-van-phong
"Chính chủ cho thuê văn phòng 185m2-Toà Times Tower Lê Văn Lương, Nhân Chính, Thanh Xuân, Hà Nội",65 triệu/tháng,185 m²,"Thanh Xuân, Hà Nội",cho-thue-van-phong
"Cho thuê văn phòng 110m2 có thang máy, máy lạnh, hầm để xe KĐT Vạn Phúc City LH: 0937 533 ***",13 triệu/tháng,110 m²,"Thủ Đức, Hồ Chí Minh",cho-thue-van-phong
"Cho thuê văn phòng & mặt bằng kinh doanh tại KĐT Vạn Phúc city, tầng trệt DT: 100m2 sàn",12 triệu/tháng,100 m²,"Thủ Đức, Hồ Chí Minh",cho-thue-van-phong
Dịch vụ VP chia sẻ - dịch vụ kế toán chỉ 500k/tháng,500 nghìn/tháng,30 m²,"Quận 1, Hồ Chí Minh",cho-thue-van-phong
"Cho 1000m2 làm gym tại GoldSilk Vạn Phúc, Hà Đông",Giá thỏa thuận,1.000 m²,"Hà Đông, Hà Nội",cho-thue-van-phong
"Cho thuê văn phòng ảo, văn phòng trọn gói 1,3,5 7 - 50 nhân viên phường 2,4 Tân Bình giá tốt",18 triệu/tháng,33 m²,"Tân Bình, Hồ Chí Minh",cho-thue-van-phong
Cho thuê văn phòng 100 - 150m2 giá từ 10tr tại khu vực Vương Thừa Vũ,10 triệu/tháng,100 m²,"Thanh Xuân, Hà Nội",cho-thue-van-phong
"Cho thuê văn phòng toà nhà Star Tower Dương Đình Nghệ, Cầu Giấy, Hà Nội diện tích từ 50~600m2",200 nghìn/m²,134 m²,"Cầu Giấy, Hà Nội",cho-thue-van-phong
"Cho thuê văn phòng Hapulico Tower Thanh Xuân, Hà Nội diện tích từ 50~1000m2",200 nghìn/m²,50 m²,"Thanh Xuân, Hà Nội",cho-thue-van-phong
"Cho thuê văn phòng mặt phố Tố Hữu, Vạn Phúc, Hà Đông",130 nghìn/m²,355 m²,"Hà Đông, Hà Nội",cho-thue-van-phong
"Cho thuê văn phòng toà nhà Central Field phố Trung Kính, Cầu Giấy, Hà Nội diện tích 50~700m2",200 nghìn/m²,50 m²,"Cầu Giấy, Hà Nội",cho-thue-van-phong
"Cho thuê văn phòng phố Trần Quốc Toản, Hoàn Kiếm, Hà Nội diện tích từ 50~500m2",200 nghìn/m²,80 m²,"Hoàn Kiếm, Hà Nội",cho-thue-van-phong
"Cho thuê văn phòng toà nhà Ngọc Khánh Plaza Ba Đình, Hà Nội diện tích 50~500m2 giá 200 nghìn/1m2",200 nghìn/m²,230 m²,"Ba Đình, Hà Nội",cho-thue-van-phong
"Cho thuê văn phòng tại toà nhà Richy Mạc Thái Tổ, Cầu Giấy, Hà Nội, diện tích từ 50m2~600m2",200 nghìn/m²,50 m²,"Cầu Giấy, Hà Nội",cho-thue-van-phong
"Cho thuê văn phòng tại toà nhà Viwaseen Tố Hữu, Hà Nội diện tích từ 50~1000m2",200 nghìn/m²,100 m²,"Nam Từ Liêm, Hà Nội",cho-thue-van-phong
"Cho thuê văn phòng tại tòa nhà Samsora Premier, Hà Đông, Hà Nội. Diện tích từ 50~1000m2",160 nghìn/m²,50 m²,"Hà Đông, Hà Nội",cho-thue-van-phong
Cho thuê văn phòng mặt phố Lê Văn Lương toà nhà BRG Park Residence từ 50~1500m2,300 nghìn/m²,300 m²,"Thanh Xuân, Hà Nội",cho-thue-van-phong
"Cho thuê văn phòng tại toà nhà Netland Lê Văn Lương, Hà Nội. Diện tích từ 50~800m2 giá 180.000/1m2",180 nghìn/m²,70 m²,"Thanh Xuân, Hà Nội",cho-thue-van-phong
Cho thuê địa điểm tổ chức workshop tại Thanh Xuân,Giá thỏa thuận,550 m²,"Thanh Xuân, Hà Nội",cho-thue-van-phong
"Cho thuê nhà làm văn phòng MT đường số KDC Him Lam, P. Tân Hưng, Q7",40 triệu/tháng,100 m²,"Quận 7, Hồ Chí Minh",cho-thue-van-phong
"Cho thuê biệt thự mở văn phòng công ty, trung tâm dạy nghề KDC Him Lam, Quận 7",100 triệu/tháng,400 m²,"Quận 7, Hồ Chí Minh",cho-thue-van-phong
"Cho thuê mặt bằng kinh doanh ăn uống 2 sàn 50tr, gần Song Hành",50 triệu/tháng,180 m²,"Quận 2, Hồ Chí Minh",cho-thue-van-phong
Cho thuê sàn văn phòng không giới hạn giờ giấc lầu 1 giá 344.000đ/m2,344 nghìn/m²,79 m²,"Quận 2, Hồ Chí Minh",cho-thue-van-phong
"Cho thuê cả căn 4,5 sàn làm văn phòng đường 24 - An Phú",35 triệu/tháng,80 m²,"Quận 2, Hồ Chí Minh",cho-thue-van-phong
Cho thuê văn phòng lầu 2 100m2 giá 35tr - đường D8 Bình Khánh,35 triệu/tháng,100 m²,"Quận 2, Hồ Chí Minh",cho-thue-van-phong
Cho thuê sàn văn phòng 100m2 trống suốt giá từ 15 triệu - Lương Định Của,15 triệu/tháng,100 m²,"Quận 2, Hồ Chí Minh",cho-thue-van-phong
"Cho thuê mặt bằng trong tòa văn phòng giá bao hời chỉ từ 6,678 triệu/tháng - Đường 12","6,68 triệu/tháng",30 m²,"Quận 2, Hồ Chí Minh",cho-thue-van-phong
"Cho thuê mặt bằng văn phòng đủ nội thất, free nhiều chi phí 30 triệu - Đường Bùi Tá Hán",30 triệu/tháng,130 m²,"Quận 2, Hồ Chí Minh",cho-thue-van-phong
"Cho thuê mặt bằng trong tòa văn phòng giá bao hời chỉ từ 6,678 triệu/tháng - Đường 12","6,68 triệu/tháng",30 m²,"Quận 2, Hồ Chí Minh",cho-thue-van-phong
"Cho thuê mặt bằng văn phòng đủ nội thất, free nhiều chi phí 30 triệu - Đường Bùi Tá Hán",30 triệu/tháng,130 m²,"Quận 2, Hồ Chí Minh",cho-thue-van-phong
"Cho thuê tòa văn phòng 1100m2 hầm 7 sàn trống suốt mới xây đường Tạ Hiện, P. Thạnh Mỹ Lợi gần sông",150 triệu/tháng,1.100 m²,"Quận 2, Hồ Chí Minh",cho-thue-van-phong
Cho thuê mặt bằng văn phòng trệt DT 100m2 có thang máy chỉ 18 triệu,18 triệu/tháng,100 m²,"Quận 2, Hồ Chí Minh",cho-thue-van-phong
Cho thuê mặt bằng trong tòa văn phòng chì 17 triệu DT: 5x20 có thang máy,17 triệu/tháng,100 m²,"Quận 2, Hồ Chí Minh",cho-thue-van-phong
"Cho thuê nguyên căn làm văn phòng - showroom chuẩn đẹp 400m2 giá chỉ 40 triệu, mới 90%",40 triệu/tháng,400 m²,"Quận 2, Hồ Chí Minh",cho-thue-van-phong
Cho thuê nguyên căn 3 lầu có hầm 400m2 giá 40 triệu đường N1,40 triệu/tháng,400 m²,"Quận 2, Hồ Chí Minh",cho-thue-van-phong
Cho thuê văn phòng đủ nội thất văn phòng DT: 5x20m - giá: 38 triệu khu Mystery,38 triệu/tháng,400 m²,"Quận 2, Hồ Chí Minh",cho-thue-van-phong
Cho thuê sàn 340m tòa nhà mặt tiền đường Trần Não 0902 514 *** Linh,150 triệu/tháng,340 m²,"Quận 2, Hồ Chí Minh",cho-thue-van-phong
Cho thuê nguyên căn chuẩn văn phòng 154m2/sàn - Giá 85 triệu trống suốt - mới 100%,85 triệu/tháng,154 m²,"Quận 2, Hồ Chí Minh",cho-thue-van-phong
Cho thuê văn phòng DT: 7x22 hầm + sân trước + 3 sàn rộng thênh thang - Giá 85 triệu,85 triệu/tháng,616 m²,"Quận 2, Hồ Chí Minh",cho-thue-van-phong
Cho thuê nguyên căn villa làm văn phòng DT: 7x20 - giá: 50 triệu - Nguyễn Hoàng,50 triệu/tháng,420 m²,"Quận 2, Hồ Chí Minh",cho-thue-van-phong
"Cho thuê văn phòng + showroom, vị trí được đảm bảo an ninh, giá 50tr - 420m2",50 triệu/tháng,420 m²,"Quận 2, Hồ Chí Minh",cho-thue-van-phong
Nguyên căn khuôn viên 160m2 có hầm xe rộng làm văn phòng cực hợp chỉ 40 triệu/th,40 triệu/tháng,160 m²,"Quận 2, Hồ Chí Minh",cho-thue-van-phong
"Tòa nhà văn phòng lớn 1800m2 hầm, 6 lầu, thiết kế sàn trống có thang máy P. Thạnh Mỹ Lợi Quận 2",220 triệu/tháng,1.800 m²,"Quận 2, Hồ Chí Minh",cho-thue-van-phong
"Tòa văn phòng 800m2 hầm 4 sàn trống suốt có thang máy mới 100% gần đường Xa Lộ Hà Nội, P. An Phú",100 triệu/tháng,800 m²,"Quận 2, Hồ Chí Minh",cho-thue-van-phong
Tòa văn phòng 500m2 trệt 2 sàn trống suốt có thang máy trung tâm phường An Khánh gần đường Trần Não,65 triệu/tháng,500 m²,"Quận 2, Hồ Chí Minh",cho-thue-van-phong
Sàn văn phòng 200m2 - 500m2 thiết kế sàn trống có thang máy phường Thảo Điền mới 100%,30 triệu/tháng,500 m²,"Quận 2, Hồ Chí Minh",cho-thue-van-phong
Tòa văn phòng 320m2 hầm 4 sàn trống suốt gần chung cư An Hoà đường Trần Lựu chỉ 38 triệu,38 triệu/tháng,320 m²,"Quận 2, Hồ Chí Minh",cho-thue-van-phong
"Tòa văn phòng 550m2 hầm 4 sàn trống suốt có thang máy mới 95% gần đường Nguyễn Hoàng, P. An Phú",90 triệu/tháng,550 m²,"Quận 2, Hồ Chí Minh",cho-thue-van-phong
